what,kind,bundleId,bundleVersion,description,time
activated,editor,org.eclipse.jdt.ui,3.6.1.r361_v20100825-0800,"org.eclipse.jdt.ui.CompilationUnitEditor",1553098135383
executed,command,,,"org.lejos.ev3.ldt.LaunchEV3Shortcut.run",1553098137579
deactivated,workbench,org.eclipse.ui.workbench,3.6.1.M20100826-1330,"",1553098139004
activated,workbench,org.eclipse.ui.workbench,3.6.1.M20100826-1330,"",1553098162257
activated,editor,org.eclipse.jdt.ui,3.6.1.r361_v20100825-0800,"org.eclipse.jdt.ui.CompilationUnitEditor",1553098169822
executed,command,org.eclipse.ui,3.6.1.M20100826-1330,"org.eclipse.ui.file.save",1553098179865
activated,editor,org.eclipse.jdt.ui,3.6.1.r361_v20100825-0800,"org.eclipse.jdt.ui.CompilationUnitEditor",1553098182736
executed,command,,,"org.lejos.ev3.ldt.LaunchEV3Shortcut.run",1553098185199
deactivated,workbench,org.eclipse.ui.workbench,3.6.1.M20100826-1330,"",1553098190479
activated,workbench,org.eclipse.ui.workbench,3.6.1.M20100826-1330,"",1553098201840
deactivated,workbench,org.eclipse.ui.workbench,3.6.1.M20100826-1330,"",1553098213437
activated,workbench,org.eclipse.ui.workbench,3.6.1.M20100826-1330,"",1553098213805
activated,editor,org.eclipse.jdt.ui,3.6.1.r361_v20100825-0800,"org.eclipse.jdt.ui.CompilationUnitEditor",1553098215500
executed,command,org.eclipse.ui,3.6.1.M20100826-1330,"org.eclipse.ui.file.save",1553098262310
activated,editor,org.eclipse.jdt.ui,3.6.1.r361_v20100825-0800,"org.eclipse.jdt.ui.CompilationUnitEditor",1553098263159
executed,command,,,"org.lejos.ev3.ldt.LaunchEV3Shortcut.run",1553098266488
deactivated,workbench,org.eclipse.ui.workbench,3.6.1.M20100826-1330,"",1553098352053
activated,workbench,org.eclipse.ui.workbench,3.6.1.M20100826-1330,"",1553098426020
activated,editor,org.eclipse.jdt.ui,3.6.1.r361_v20100825-0800,"org.eclipse.jdt.ui.CompilationUnitEditor",1553098429688
executed,command,org.eclipse.ui,3.6.1.M20100826-1330,"org.eclipse.ui.edit.copy",1553098447014
executed,command,org.eclipse.ui,3.6.1.M20100826-1330,"org.eclipse.ui.edit.paste",1553098450643
executed,command,org.eclipse.ui,3.6.1.M20100826-1330,"org.eclipse.ui.file.save",1553098463037
deactivated,workbench,org.eclipse.ui.workbench,3.6.1.M20100826-1330,"",1553098467403
activated,workbench,org.eclipse.ui.workbench,3.6.1.M20100826-1330,"",1553098478369
executed,command,org.eclipse.ui,3.6.1.M20100826-1330,"org.eclipse.ui.file.save",1553098502029
executed,command,org.eclipse.ui,3.6.1.M20100826-1330,"org.eclipse.ui.file.save",1553098521520
activated,editor,org.eclipse.jdt.ui,3.6.1.r361_v20100825-0800,"org.eclipse.jdt.ui.CompilationUnitEditor",1553098525316
activated,editor,org.eclipse.jdt.ui,3.6.1.r361_v20100825-0800,"org.eclipse.jdt.ui.CompilationUnitEditor",1553098565172
activated,editor,org.eclipse.jdt.ui,3.6.1.r361_v20100825-0800,"org.eclipse.jdt.ui.CompilationUnitEditor",1553098570485
executed,command,org.eclipse.ui,3.6.1.M20100826-1330,"org.eclipse.ui.file.save",1553098604725
executed,command,,,"org.lejos.ev3.ldt.LaunchEV3Shortcut.run",1553098607226
activated,editor,org.eclipse.jdt.ui,3.6.1.r361_v20100825-0800,"org.eclipse.jdt.ui.CompilationUnitEditor",1553098667175
activated,editor,org.eclipse.jdt.ui,3.6.1.r361_v20100825-0800,"org.eclipse.jdt.ui.CompilationUnitEditor",1553098674010
executed,command,org.eclipse.ui,3.6.1.M20100826-1330,"org.eclipse.ui.file.save",1553098691892
executed,command,,,"org.lejos.ev3.ldt.LaunchEV3Shortcut.run",1553098694668
executed,command,org.eclipse.ui,3.6.1.M20100826-1330,"org.eclipse.ui.file.save",1553098710833
executed,command,org.eclipse.ui,3.6.1.M20100826-1330,"org.eclipse.ui.edit.delete",1553098728019
executed,command,org.eclipse.ui,3.6.1.M20100826-1330,"org.eclipse.ui.file.save",1553098763372
executed,command,org.eclipse.ui,3.6.1.M20100826-1330,"org.eclipse.ui.file.save",1553098778059
executed,command,org.eclipse.ui,3.6.1.M20100826-1330,"org.eclipse.ui.file.save",1553098790971
executed,command,,,"org.lejos.ev3.ldt.LaunchEV3Shortcut.run",1553098796592
deactivated,workbench,org.eclipse.ui.workbench,3.6.1.M20100826-1330,"",1553098797371
activated,workbench,org.eclipse.ui.workbench,3.6.1.M20100826-1330,"",1553098833536
activated,editor,org.eclipse.jdt.ui,3.6.1.r361_v20100825-0800,"org.eclipse.jdt.ui.CompilationUnitEditor",1553098836211
executed,command,org.eclipse.ui,3.6.1.M20100826-1330,"org.eclipse.ui.file.save",1553098845835
executed,command,org.eclipse.ui,3.6.1.M20100826-1330,"org.eclipse.ui.file.save",1553098851039
activated,editor,org.eclipse.jdt.ui,3.6.1.r361_v20100825-0800,"org.eclipse.jdt.ui.CompilationUnitEditor",1553098863494
executed,command,,,"org.lejos.ev3.ldt.LaunchEV3Shortcut.run",1553098866182
activated,editor,org.eclipse.jdt.ui,3.6.1.r361_v20100825-0800,"org.eclipse.jdt.ui.CompilationUnitEditor",1553098897959
executed,command,org.eclipse.ui,3.6.1.M20100826-1330,"org.eclipse.ui.file.save",1553098904204
deactivated,workbench,org.eclipse.ui.workbench,3.6.1.M20100826-1330,"",1553098913939
activated,workbench,org.eclipse.ui.workbench,3.6.1.M20100826-1330,"",1553098915295
activated,editor,org.eclipse.jdt.ui,3.6.1.r361_v20100825-0800,"org.eclipse.jdt.ui.CompilationUnitEditor",1553098916439
executed,command,,,"org.lejos.ev3.ldt.LaunchEV3Shortcut.run",1553098918969
deactivated,workbench,org.eclipse.ui.workbench,3.6.1.M20100826-1330,"",1553098962221
activated,workbench,org.eclipse.ui.workbench,3.6.1.M20100826-1330,"",1553098965979
deactivated,workbench,org.eclipse.ui.workbench,3.6.1.M20100826-1330,"",1553098969877
activated,workbench,org.eclipse.ui.workbench,3.6.1.M20100826-1330,"",1553099085590
executed,command,,,"org.lejos.ev3.ldt.LaunchEV3Shortcut.run",1553099089756
deactivated,workbench,org.eclipse.ui.workbench,3.6.1.M20100826-1330,"",1553099133444
activated,workbench,org.eclipse.ui.workbench,3.6.1.M20100826-1330,"",1553099154640
executed,command,org.eclipse.ui,3.6.1.M20100826-1330,"org.eclipse.ui.edit.copy",1553099215723
executed,command,org.eclipse.ui,3.6.1.M20100826-1330,"org.eclipse.ui.edit.paste",1553099218286
executed,command,org.eclipse.ui,3.6.1.M20100826-1330,"org.eclipse.ui.edit.paste",1553099237353
executed,command,org.eclipse.ui,3.6.1.M20100826-1330,"org.eclipse.ui.edit.copy",1553099253035
executed,command,org.eclipse.ui,3.6.1.M20100826-1330,"org.eclipse.ui.edit.paste",1553099256116
executed,command,org.eclipse.ui,3.6.1.M20100826-1330,"org.eclipse.ui.file.save",1553099273435
executed,command,,,"org.lejos.ev3.ldt.LaunchEV3Shortcut.run",1553099429137
activated,editor,org.eclipse.jdt.ui,3.6.1.r361_v20100825-0800,"org.eclipse.jdt.ui.CompilationUnitEditor",1553099472622
activated,editor,org.eclipse.jdt.ui,3.6.1.r361_v20100825-0800,"org.eclipse.jdt.ui.CompilationUnitEditor",1553099486969
activated,editor,org.eclipse.jdt.ui,3.6.1.r361_v20100825-0800,"org.eclipse.jdt.ui.CompilationUnitEditor",1553099511423
activated,editor,org.eclipse.jdt.ui,3.6.1.r361_v20100825-0800,"org.eclipse.jdt.ui.CompilationUnitEditor",1553099513464
executed,command,org.eclipse.ui,3.6.1.M20100826-1330,"org.eclipse.ui.file.save",1553099521235
executed,command,,,"org.lejos.ev3.ldt.LaunchEV3Shortcut.run",1553099526974
activated,editor,org.eclipse.jdt.ui,3.6.1.r361_v20100825-0800,"org.eclipse.jdt.ui.CompilationUnitEditor",1553099553066
executed,command,org.eclipse.ui,3.6.1.M20100826-1330,"org.eclipse.ui.edit.copy",1553099566639
executed,command,org.eclipse.ui,3.6.1.M20100826-1330,"org.eclipse.ui.edit.paste",1553099570231
executed,command,org.eclipse.ui,3.6.1.M20100826-1330,"org.eclipse.ui.edit.paste",1553099576623
activated,editor,org.eclipse.jdt.ui,3.6.1.r361_v20100825-0800,"org.eclipse.jdt.ui.CompilationUnitEditor",1553099582657
executed,command,org.eclipse.ui,3.6.1.M20100826-1330,"org.eclipse.ui.file.save",1553099596118
executed,command,,,"org.lejos.ev3.ldt.LaunchEV3Shortcut.run",1553099605771
deactivated,workbench,org.eclipse.ui.workbench,3.6.1.M20100826-1330,"",1553099605813
activated,workbench,org.eclipse.ui.workbench,3.6.1.M20100826-1330,"",1553099609748
activated,editor,org.eclipse.jdt.ui,3.6.1.r361_v20100825-0800,"org.eclipse.jdt.ui.CompilationUnitEditor",1553099639564
executed,command,org.eclipse.ui,3.6.1.M20100826-1330,"org.eclipse.ui.file.save",1553099650219
activated,editor,org.eclipse.jdt.ui,3.6.1.r361_v20100825-0800,"org.eclipse.jdt.ui.CompilationUnitEditor",1553099651356
executed,command,org.eclipse.ui,3.6.1.M20100826-1330,"org.eclipse.ui.file.save",1553099661725
executed,command,org.eclipse.ui,3.6.1.M20100826-1330,"org.eclipse.ui.file.save",1553099678688
executed,command,,,"org.lejos.ev3.ldt.LaunchEV3Shortcut.run",1553099683324
activated,editor,org.eclipse.jdt.ui,3.6.1.r361_v20100825-0800,"org.eclipse.jdt.ui.CompilationUnitEditor",1553099709584
executed,command,org.eclipse.ui,3.6.1.M20100826-1330,"org.eclipse.ui.file.save",1553099730209
activated,editor,org.eclipse.jdt.ui,3.6.1.r361_v20100825-0800,"org.eclipse.jdt.ui.CompilationUnitEditor",1553099737407
executed,command,,,"org.lejos.ev3.ldt.LaunchEV3Shortcut.run",1553099739872
activated,editor,org.eclipse.jdt.ui,3.6.1.r361_v20100825-0800,"org.eclipse.jdt.ui.CompilationUnitEditor",1553099765217
executed,command,org.eclipse.ui,3.6.1.M20100826-1330,"org.eclipse.ui.file.save",1553099773101
activated,editor,org.eclipse.jdt.ui,3.6.1.r361_v20100825-0800,"org.eclipse.jdt.ui.CompilationUnitEditor",1553099774246
executed,command,,,"org.lejos.ev3.ldt.LaunchEV3Shortcut.run",1553099795841
executed,command,org.eclipse.ui,3.6.1.M20100826-1330,"org.eclipse.ui.file.save",1553099826421
executed,command,,,"org.lejos.ev3.ldt.LaunchEV3Shortcut.run",1553099840938
activated,editor,org.eclipse.jdt.ui,3.6.1.r361_v20100825-0800,"org.eclipse.jdt.ui.CompilationUnitEditor",1553099892370
deactivated,workbench,org.eclipse.ui.workbench,3.6.1.M20100826-1330,"",1553099930502
activated,workbench,org.eclipse.ui.workbench,3.6.1.M20100826-1330,"",1553100045601
activated,editor,org.eclipse.jdt.ui,3.6.1.r361_v20100825-0800,"org.eclipse.jdt.ui.CompilationUnitEditor",1553100051700
activated,editor,org.eclipse.jdt.ui,3.6.1.r361_v20100825-0800,"org.eclipse.jdt.ui.CompilationUnitEditor",1553100064508
executed,command,org.eclipse.ui,3.6.1.M20100826-1330,"org.eclipse.ui.edit.copy",1553100068264
activated,editor,org.eclipse.jdt.ui,3.6.1.r361_v20100825-0800,"org.eclipse.jdt.ui.CompilationUnitEditor",1553100068959
executed,command,org.eclipse.ui,3.6.1.M20100826-1330,"org.eclipse.ui.edit.paste",1553100072070
executed,command,org.eclipse.ui,3.6.1.M20100826-1330,"org.eclipse.ui.file.save",1553100089493
executed,command,,,"org.lejos.ev3.ldt.LaunchEV3Shortcut.run",1553100119669
deactivated,workbench,org.eclipse.ui.workbench,3.6.1.M20100826-1330,"",1553100120756
activated,workbench,org.eclipse.ui.workbench,3.6.1.M20100826-1330,"",1553100159700
activated,editor,org.eclipse.jdt.ui,3.6.1.r361_v20100825-0800,"org.eclipse.jdt.ui.CompilationUnitEditor",1553100162966
deactivated,workbench,org.eclipse.ui.workbench,3.6.1.M20100826-1330,"",1553100173578
activated,workbench,org.eclipse.ui.workbench,3.6.1.M20100826-1330,"",1553100174826
deactivated,workbench,org.eclipse.ui.workbench,3.6.1.M20100826-1330,"",1553100180763
activated,workbench,org.eclipse.ui.workbench,3.6.1.M20100826-1330,"",1553100713786
activated,view,org.eclipse.jdt.ui,3.6.1.r361_v20100825-0800,"org.eclipse.jdt.ui.PackageExplorer",1553100713823
activated,editor,org.eclipse.jdt.ui,3.6.1.r361_v20100825-0800,"org.eclipse.jdt.ui.CompilationUnitEditor",1553100716611
activated,editor,org.eclipse.jdt.ui,3.6.1.r361_v20100825-0800,"org.eclipse.jdt.ui.CompilationUnitEditor",1553100719516
executed,command,org.eclipse.ui,3.6.1.M20100826-1330,"org.eclipse.ui.edit.copy",1553100744787
deactivated,workbench,org.eclipse.ui.workbench,3.6.1.M20100826-1330,"",1553100745676
activated,workbench,org.eclipse.ui.workbench,3.6.1.M20100826-1330,"",1553100960941
executed,command,org.eclipse.ui,3.6.1.M20100826-1330,"org.eclipse.ui.edit.paste",1553100968563
executed,command,org.eclipse.ui,3.6.1.M20100826-1330,"org.eclipse.ui.file.save",1553100983913
executed,command,org.eclipse.ui,3.6.1.M20100826-1330,"org.eclipse.ui.edit.copy",1553101002781
executed,command,org.eclipse.ui,3.6.1.M20100826-1330,"org.eclipse.ui.edit.paste",1553101005679
executed,command,org.eclipse.ui,3.6.1.M20100826-1330,"org.eclipse.ui.edit.copy",1553101012036
executed,command,org.eclipse.ui,3.6.1.M20100826-1330,"org.eclipse.ui.edit.paste",1553101018115
executed,command,org.eclipse.ui,3.6.1.M20100826-1330,"org.eclipse.ui.file.saveAll",1553101021900
executed,command,org.eclipse.ui,3.6.1.M20100826-1330,"org.eclipse.ui.file.save",1553101025847
deactivated,workbench,org.eclipse.ui.workbench,3.6.1.M20100826-1330,"",1553101026718
activated,workbench,org.eclipse.ui.workbench,3.6.1.M20100826-1330,"",1553101042600
activated,view,org.eclipse.jdt.ui,3.6.1.r361_v20100825-0800,"org.eclipse.jdt.ui.PackageExplorer",1553101042630
activated,editor,org.eclipse.jdt.ui,3.6.1.r361_v20100825-0800,"org.eclipse.jdt.ui.CompilationUnitEditor",1553101047204
deactivated,workbench,org.eclipse.ui.workbench,3.6.1.M20100826-1330,"",1553101049770
activated,workbench,org.eclipse.ui.workbench,3.6.1.M20100826-1330,"",1553101051380
activated,editor,org.eclipse.jdt.ui,3.6.1.r361_v20100825-0800,"org.eclipse.jdt.ui.CompilationUnitEditor",1553101052294
executed,command,,,"org.lejos.ev3.ldt.LaunchEV3Shortcut.run",1553101054855
deactivated,workbench,org.eclipse.ui.workbench,3.6.1.M20100826-1330,"",1553101055870
activated,workbench,org.eclipse.ui.workbench,3.6.1.M20100826-1330,"",1553101080361
activated,editor,org.eclipse.jdt.ui,3.6.1.r361_v20100825-0800,"org.eclipse.jdt.ui.CompilationUnitEditor",1553101084007
activated,editor,org.eclipse.jdt.ui,3.6.1.r361_v20100825-0800,"org.eclipse.jdt.ui.CompilationUnitEditor",1553101085098
executed,command,org.eclipse.ui,3.6.1.M20100826-1330,"org.eclipse.ui.file.save",1553101097859
executed,command,org.eclipse.ui,3.6.1.M20100826-1330,"org.eclipse.ui.file.save",1553101113390
executed,command,,,"org.lejos.ev3.ldt.LaunchEV3Shortcut.run",1553101115720
deactivated,workbench,org.eclipse.ui.workbench,3.6.1.M20100826-1330,"",1553101116226
activated,workbench,org.eclipse.ui.workbench,3.6.1.M20100826-1330,"",1553101144304
activated,view,org.eclipse.jdt.ui,3.6.1.r361_v20100825-0800,"org.eclipse.jdt.ui.PackageExplorer",1553101144379
activated,editor,org.eclipse.jdt.ui,3.6.1.r361_v20100825-0800,"org.eclipse.jdt.ui.CompilationUnitEditor",1553101147246
deactivated,workbench,org.eclipse.ui.workbench,3.6.1.M20100826-1330,"",1553101157393
activated,workbench,org.eclipse.ui.workbench,3.6.1.M20100826-1330,"",1553101173318
deactivated,workbench,org.eclipse.ui.workbench,3.6.1.M20100826-1330,"",1553101176493
activated,workbench,org.eclipse.ui.workbench,3.6.1.M20100826-1330,"",1553101178012
activated,editor,org.eclipse.jdt.ui,3.6.1.r361_v20100825-0800,"org.eclipse.jdt.ui.CompilationUnitEditor",1553101179040
executed,command,,,"org.lejos.ev3.ldt.LaunchEV3Shortcut.run",1553101181779
deactivated,workbench,org.eclipse.ui.workbench,3.6.1.M20100826-1330,"",1553101182804
activated,workbench,org.eclipse.ui.workbench,3.6.1.M20100826-1330,"",1553101223035
activated,editor,org.eclipse.jdt.ui,3.6.1.r361_v20100825-0800,"org.eclipse.jdt.ui.CompilationUnitEditor",1553101224819
executed,command,org.eclipse.ui,3.6.1.M20100826-1330,"org.eclipse.ui.file.save",1553101244670
deactivated,workbench,org.eclipse.ui.workbench,3.6.1.M20100826-1330,"",1553101245585
activated,workbench,org.eclipse.ui.workbench,3.6.1.M20100826-1330,"",1553101253224
deactivated,workbench,org.eclipse.ui.workbench,3.6.1.M20100826-1330,"",1553101264250
activated,workbench,org.eclipse.ui.workbench,3.6.1.M20100826-1330,"",1553101265707
executed,command,org.eclipse.ui,3.6.1.M20100826-1330,"org.eclipse.ui.file.properties",1553101265723
deactivated,workbench,org.eclipse.ui.workbench,3.6.1.M20100826-1330,"",1553101266610
activated,workbench,org.eclipse.ui.workbench,3.6.1.M20100826-1330,"",1553101544501
executed,command,org.eclipse.ui,3.6.1.M20100826-1330,"org.eclipse.ui.edit.undo",1553101564540
executed,command,org.eclipse.ui,3.6.1.M20100826-1330,"org.eclipse.ui.edit.undo",1553101564930
deactivated,workbench,org.eclipse.ui.workbench,3.6.1.M20100826-1330,"",1553101567434
activated,workbench,org.eclipse.ui.workbench,3.6.1.M20100826-1330,"",1553101568468
executed,command,org.eclipse.ui,3.6.1.M20100826-1330,"org.eclipse.ui.file.print",1553101568487
activated,editor,org.eclipse.jdt.ui,3.6.1.r361_v20100825-0800,"org.eclipse.jdt.ui.CompilationUnitEditor",1553101570535
activated,editor,org.eclipse.jdt.ui,3.6.1.r361_v20100825-0800,"org.eclipse.jdt.ui.CompilationUnitEditor",1553101640275
activated,editor,org.eclipse.jdt.ui,3.6.1.r361_v20100825-0800,"org.eclipse.jdt.ui.CompilationUnitEditor",1553101644996
executed,command,org.eclipse.ui,3.6.1.M20100826-1330,"org.eclipse.ui.file.save",1553101658012
executed,command,,,"org.lejos.ev3.ldt.LaunchEV3Shortcut.run",1553101662819
activated,editor,org.eclipse.jdt.ui,3.6.1.r361_v20100825-0800,"org.eclipse.jdt.ui.CompilationUnitEditor",1553101684606
activated,editor,org.eclipse.jdt.ui,3.6.1.r361_v20100825-0800,"org.eclipse.jdt.ui.CompilationUnitEditor",1553101700473
deactivated,workbench,org.eclipse.ui.workbench,3.6.1.M20100826-1330,"",1553101945315
activated,workbench,org.eclipse.ui.workbench,3.6.1.M20100826-1330,"",1553101948481
activated,editor,org.eclipse.jdt.ui,3.6.1.r361_v20100825-0800,"org.eclipse.jdt.ui.CompilationUnitEditor",1553101998558
executed,command,org.eclipse.ui,3.6.1.M20100826-1330,"org.eclipse.ui.edit.undo",1553102001087
executed,command,org.eclipse.ui,3.6.1.M20100826-1330,"org.eclipse.ui.edit.undo",1553102001302
executed,command,org.eclipse.ui,3.6.1.M20100826-1330,"org.eclipse.ui.edit.undo",1553102001677
executed,command,org.eclipse.ui,3.6.1.M20100826-1330,"org.eclipse.ui.edit.undo",1553102002070
executed,command,org.eclipse.ui,3.6.1.M20100826-1330,"org.eclipse.ui.edit.undo",1553102003053
executed,command,org.eclipse.ui,3.6.1.M20100826-1330,"org.eclipse.ui.edit.undo",1553102004024
executed,command,org.eclipse.ui,3.6.1.M20100826-1330,"org.eclipse.ui.edit.undo",1553102004553
executed,command,org.eclipse.ui,3.6.1.M20100826-1330,"org.eclipse.ui.file.save",1553102009081
deactivated,workbench,org.eclipse.ui.workbench,3.6.1.M20100826-1330,"",1553102225611
activated,workbench,org.eclipse.ui.workbench,3.6.1.M20100826-1330,"",1553167418110
deactivated,workbench,org.eclipse.ui.workbench,3.6.1.M20100826-1330,"",1553167424257
activated,workbench,org.eclipse.ui.workbench,3.6.1.M20100826-1330,"",1553167425274
closed,workbench,org.eclipse.ui.workbench,3.6.1.M20100826-1330,"",1553167425543
stopped,bundle,org.eclipse.mylyn.ide.ant,3.4.0.v20100608-0100-e3x,"org.eclipse.mylyn.ide.ant",1553167425877
stopped,bundle,org.eclipse.ant.ui,3.5.0.v20100427,"org.eclipse.ant.ui",1553167425880
stopped,bundle,org.eclipse.ant.launching,1.0.0.v20100427,"org.eclipse.ant.launching",1553167425884
stopped,bundle,org.eclipse.compare.win32,1.0.100.I20100505-1245,"org.eclipse.compare.win32",1553167425894
stopped,bundle,org.eclipse.equinox.p2.ui.sdk,1.0.100.v20100513,"org.eclipse.equinox.p2.ui.sdk",1553167425897
stopped,bundle,org.eclipse.mylyn.java.tasks,3.4.0.v20100608-0100-e3x,"org.eclipse.mylyn.java.tasks",1553167425897
stopped,bundle,org.eclipse.mylyn.java.ui,3.4.0.v20100608-0100-e3x,"org.eclipse.mylyn.java.ui",1553167425897
stopped,bundle,org.eclipse.jdt.junit,3.6.1.r361_v20100825-0800,"org.eclipse.jdt.junit",1553167425898
stopped,bundle,org.eclipse.jdt.apt.ui,3.3.300.v20100513-0845,"org.eclipse.jdt.apt.ui",1553167425898
stopped,bundle,org.lejos.ev3.ldt,0.9.1.201511161011,"org.lejos.ev3.ldt",1553167425900
stopped,bundle,org.lejos.nxt.ldt,0.9.0.201202141552,"org.lejos.nxt.ldt",1553167425901
stopped,bundle,org.eclipse.jdt.debug.ui,3.5.0.v20100602-0830,"org.eclipse.jdt.debug.ui",1553167425901
stopped,bundle,org.eclipse.jdt.ui,3.6.1.r361_v20100825-0800,"org.eclipse.jdt.ui",1553167425909
stopped,bundle,org.eclipse.wst.dtd.ui,1.0.500.v201004290328,"org.eclipse.wst.dtd.ui",1553167425911
stopped,bundle,org.eclipse.wst.xsd.ui,1.2.303.v201004290328,"org.eclipse.wst.xsd.ui",1553167425916
stopped,bundle,org.eclipse.wst.xml.ui,1.1.102.v201008251905,"org.eclipse.wst.xml.ui",1553167425919
stopped,bundle,org.eclipse.wst.common.ui,1.1.500.v200911190730,"org.eclipse.wst.common.ui",1553167425920
stopped,bundle,org.eclipse.wst.sse.ui,1.2.2.v201008232126,"org.eclipse.wst.sse.ui",1553167425922
stopped,bundle,org.eclipse.search,3.6.0.v20100520-0800,"org.eclipse.search",1553167425922
stopped,bundle,org.eclipse.mylyn.team.ui,3.4.2.v20100909-0100-e3x,"org.eclipse.mylyn.team.ui",1553167425922
stopped,bundle,org.eclipse.ui.navigator.resources,3.4.201.M20100707-0800,"org.eclipse.ui.navigator.resources",1553167425923
stopped,bundle,org.eclipse.ltk.ui.refactoring,3.5.0.v20100526-0800,"org.eclipse.ltk.ui.refactoring",1553167425924
stopped,bundle,org.eclipse.mylyn.bugzilla.ui,3.4.2.v20100909-0100-e3x,"org.eclipse.mylyn.bugzilla.ui",1553167425924
stopped,bundle,org.eclipse.mylyn.ide.ui,3.4.0.v20100608-0100-e3x,"org.eclipse.mylyn.ide.ui",1553167425924
stopped,bundle,org.eclipse.mylyn.resources.ui,3.4.1.v20100909-0100-e3x,"org.eclipse.mylyn.resources.ui",1553167425925
stopped,bundle,org.eclipse.mylyn.wikitext.tasks.ui,1.3.1.v20100823-0100-e3x,"org.eclipse.mylyn.wikitext.tasks.ui",1553167425928
stopped,bundle,org.eclipse.mylyn.context.ui,3.4.1.v20100909-0100-e3x,"org.eclipse.mylyn.context.ui",1553167425928
stopped,bundle,org.eclipse.mylyn.help.ui,3.4.1.v20100823-0100-e3x,"org.eclipse.mylyn.help.ui",1553167425929
stopped,bundle,org.eclipse.mylyn.tasks.bugs,3.4.1.v20100823-0100-e3x,"org.eclipse.mylyn.tasks.bugs",1553167425932
stopped,bundle,org.eclipse.mylyn.tasks.ui,3.4.2.v20100902-0100-e3x,"org.eclipse.mylyn.tasks.ui",1553167425932
stopped,bundle,org.eclipse.team.cvs.ui,3.3.301.R36x_v20100825-0800,"org.eclipse.team.cvs.ui",1553167425932
stopped,bundle,org.eclipse.team.ui,3.5.101.R36x_v20100825-0800,"org.eclipse.team.ui",1553167425933
stopped,bundle,org.eclipse.compare,3.5.100.I20100526-0800,"org.eclipse.compare",1553167425933
stopped,bundle,org.eclipse.ui.externaltools,3.2.0.v20100427,"org.eclipse.ui.externaltools",1553167425934
stopped,bundle,org.eclipse.debug.ui,3.6.1.v20100901_r361,"org.eclipse.debug.ui",1553167425937
activated,perspective,org.eclipse.jdt.ui,,"org.eclipse.jdt.ui.JavaPerspective",1553775607904
started,bundle,org.eclipse.osgi,3.6.1.R36x_v20100806,"org.eclipse.osgi",1553775607905
started,bundle,org.eclipse.equinox.simpleconfigurator,1.0.200.v20100503,"org.eclipse.equinox.simpleconfigurator",1553775607906
started,bundle,com.ibm.icu,4.2.1.v20100412,"com.ibm.icu",1553775607906
started,bundle,org.eclipse.compare.core,3.5.100.I20100526-0800,"org.eclipse.compare.core",1553775607907
started,bundle,org.eclipse.core.contenttype,3.4.100.v20100505-1235,"org.eclipse.core.contenttype",1553775607907
started,bundle,org.eclipse.core.databinding.observable,1.3.0.I20100601-0800,"org.eclipse.core.databinding.observable",1553775607908
started,bundle,org.eclipse.core.expressions,3.4.200.v20100505,"org.eclipse.core.expressions",1553775607909
started,bundle,org.eclipse.core.filebuffers,3.5.100.v20100520-0800,"org.eclipse.core.filebuffers",1553775607909
started,bundle,org.eclipse.core.filesystem,1.3.1.R36x_v20100727-0745,"org.eclipse.core.filesystem",1553775607910
started,bundle,org.eclipse.core.jobs,3.5.1.R36x_v20100824,"org.eclipse.core.jobs",1553775607910
started,bundle,org.eclipse.core.net,1.2.100.I20100511-0800,"org.eclipse.core.net",1553775608128
started,bundle,org.eclipse.core.resources,3.6.0.R36x_v20100825-0600,"org.eclipse.core.resources",1553775608129
started,bundle,org.eclipse.core.runtime,3.6.0.v20100505,"org.eclipse.core.runtime",1553775608131
started,bundle,org.eclipse.core.runtime.compatibility,3.2.100.v20100505,"org.eclipse.core.runtime.compatibility",1553775608132
started,bundle,org.eclipse.core.runtime.compatibility.auth,3.2.200.v20100517,"org.eclipse.core.runtime.compatibility.auth",1553775608133
started,bundle,org.eclipse.debug.core,3.6.0.v20100519,"org.eclipse.debug.core",1553775608133
started,bundle,org.eclipse.epp.usagedata.gathering,1.3.0.R201005261100,"org.eclipse.epp.usagedata.gathering",1553775608134
started,bundle,org.eclipse.epp.usagedata.recording,1.3.0.R201005261100,"org.eclipse.epp.usagedata.recording",1553775608134
started,bundle,org.eclipse.equinox.app,1.3.1.R36x_v20100803,"org.eclipse.equinox.app",1553775608135
started,bundle,org.eclipse.equinox.common,3.6.0.v20100503,"org.eclipse.equinox.common",1553775608136
started,bundle,org.eclipse.equinox.ds,1.2.1.R36x_v20100803,"org.eclipse.equinox.ds",1553775608137
started,bundle,org.eclipse.equinox.event,1.2.0.v20100503,"org.eclipse.equinox.event",1553775608138
started,bundle,org.eclipse.equinox.p2.core,2.0.2.R36x_v20100804,"org.eclipse.equinox.p2.core",1553775608139
started,bundle,org.eclipse.equinox.p2.directorywatcher,1.0.202.R36x_v20100727,"org.eclipse.equinox.p2.directorywatcher",1553775608140
started,bundle,org.eclipse.equinox.p2.engine,2.0.0.v20100606,"org.eclipse.equinox.p2.engine",1553775608141
started,bundle,org.eclipse.equinox.p2.metadata,2.0.0.v20100601,"org.eclipse.equinox.p2.metadata",1553775608142
started,bundle,org.eclipse.equinox.p2.metadata.repository,1.1.0.v20100513,"org.eclipse.equinox.p2.metadata.repository",1553775608142
started,bundle,org.eclipse.equinox.p2.operations,2.0.0.v20100510,"org.eclipse.equinox.p2.operations",1553775608143
started,bundle,org.eclipse.equinox.p2.reconciler.dropins,1.1.0.v20100525,"org.eclipse.equinox.p2.reconciler.dropins",1553775608144
started,bundle,org.eclipse.equinox.p2.repository,2.0.1.R36x_v20100823,"org.eclipse.equinox.p2.repository",1553775608145
started,bundle,org.eclipse.equinox.p2.ui.sdk.scheduler,1.0.0.v20100507-1815,"org.eclipse.equinox.p2.ui.sdk.scheduler",1553775608145
started,bundle,org.eclipse.equinox.p2.updatechecker,1.1.101.R36x_v20100823,"org.eclipse.equinox.p2.updatechecker",1553775608146
started,bundle,org.eclipse.equinox.preferences,3.3.0.v20100503,"org.eclipse.equinox.preferences",1553775608147
started,bundle,org.eclipse.equinox.registry,3.5.0.v20100503,"org.eclipse.equinox.registry",1553775608150
started,bundle,org.eclipse.equinox.security,1.0.200.v20100503,"org.eclipse.equinox.security",1553775608151
started,bundle,org.eclipse.equinox.util,1.0.200.v20100503,"org.eclipse.equinox.util",1553775608151
started,bundle,org.eclipse.help,3.5.0.v20100524,"org.eclipse.help",1553775608152
started,bundle,org.eclipse.jdt.core,3.6.1.v_A68_R36x,"org.eclipse.jdt.core",1553775608152
started,bundle,org.eclipse.jdt.core.manipulation,1.3.0.v20100520-0800,"org.eclipse.jdt.core.manipulation",1553775608153
started,bundle,org.eclipse.jdt.launching,3.5.100.v20100526,"org.eclipse.jdt.launching",1553775608153
started,bundle,org.eclipse.jdt.ui,3.6.1.r361_v20100825-0800,"org.eclipse.jdt.ui",1553775608153
started,bundle,org.eclipse.jface,3.6.1.M20100825-0800,"org.eclipse.jface",1553775608154
started,bundle,org.eclipse.jsch.core,1.1.200.I20100505-1245,"org.eclipse.jsch.core",1553775608154
started,bundle,org.eclipse.ltk.core.refactoring,3.5.100.v20100526-0800,"org.eclipse.ltk.core.refactoring",1553775608155
started,bundle,org.eclipse.ltk.ui.refactoring,3.5.0.v20100526-0800,"org.eclipse.ltk.ui.refactoring",1553775608156
started,bundle,org.eclipse.mylyn.bugzilla.core,3.4.2.v20100902-0100-e3x,"org.eclipse.mylyn.bugzilla.core",1553775608157
started,bundle,org.eclipse.mylyn.bugzilla.ui,3.4.2.v20100909-0100-e3x,"org.eclipse.mylyn.bugzilla.ui",1553775608157
started,bundle,org.eclipse.mylyn.commons.net,3.4.1.v20100625-2100-e3x,"org.eclipse.mylyn.commons.net",1553775608157
started,bundle,org.eclipse.mylyn.commons.ui,3.4.0.v20100608-0100-e3x,"org.eclipse.mylyn.commons.ui",1553775608158
